id,business_name,industry_type,business_description,target_audience,platforms,primary_goal,brand_tone,status,client_feedback,strategy_json,created_at,website_url,competitors,additional_notes
08630fdd-83b0-4258-8696-f9d561c437bf,FlowOps AI,Workflow Automation SaaS,AI tool that automates repetitive tasks for remote teams. Productive & sleek.,Tech-savvy Operations Managers & Founders of scaling startups.,"Instagram, Website, WhatsApp",Lead Generation,Premium,Strategy Approved,"no strategy generated ","{""content_mix"":{""posts"":30,""reels"":30,""threads"":40},""weekly_posts"":[{""topic"":""Product Innovation Launch"",""variants"":{""twitter"":{""type"":""Thread"",""content"":""Introducing our latest innovation—ready to revolutionize the industry! 🌟 Discover what sets us apart in this detailed thread. Read on! 👇""},""website"":{""article_snippet"":""Dive into the details of our groundbreaking product launch that's set to transform the market landscape.""},""whatsapp"":{""broadcast_msg"":""Exciting News! 🚨 Our latest product innovation is here. Discover how it changes everything. Click to learn more!""},""instagram"":{""type"":""Reel"",""visual"":""An engaging video showcasing new features."",""caption"":""Witness innovation in action! 🚀 #InnovationUnleashed #Trendsetter""}}},{""topic"":""Customer Success Spotlight"",""variants"":{""twitter"":{""type"":""Thread"",""content"":""A customer success story that inspires! 🌟 Discover how our solution transformed their business and boosted growth. Dive in! 👇""},""website"":{""article_snippet"":""Explore an inspiring journey of success powered by our solution.""},""whatsapp"":{""broadcast_msg"":""Be Inspired! ✨ Here's a success story that'll motivate you to new heights. Check it out now!""},""instagram"":{""type"":""Reel"",""visual"":""Testimonial clips from happy clients."",""caption"":""Real success, real stories. Hear from those who excelled with us! 💪 #SuccessStories #GrowthHacks""}}},{""topic"":""Industry Trends Analysis"",""variants"":{""twitter"":{""type"":""Thread"",""content"":""Stay ahead with our comprehensive analysis of the latest industry trends. What you need to know today to lead tomorrow! 📊""},""website"":{""article_snippet"":""Unlock key insights that are shaping the future of the industry.""},""whatsapp"":{""broadcast_msg"":""Gain an edge! 📈 Dive into our latest analysis of industry trends. Stay informed and ahead!""},""instagram"":{""type"":""Reel"",""visual"":""Graphics illustrating current trends and data."",""caption"":""Leading insights, leading change! 🌐 #IndustryLeader #CuttingEdge""}}},{""topic"":""Exclusive Promotion Alert"",""variants"":{""twitter"":{""type"":""Thread"",""content"":""🚨 Exclusive Offer Alert! 🚨 Don’t miss out on our latest promotion that drives value and savings. Check out the details below! ⬇️""},""website"":{""article_snippet"":""Limited-time promotion designed to deliver exceptional value and enhance your experience.""},""whatsapp"":{""broadcast_msg"":""Act Fast! 🏃‍♂️ An exclusive promotional offer just for you. Don't miss out on the savings!""},""instagram"":{""type"":""Reel"",""visual"":""Visual highlighting the promotional offer."",""caption"":""Grab this exclusive offer before it's gone! 🔥 #PromoPower #UnmatchedQuality""}}}],""content_pillars"":[{""name"":""Innovative Products"",""percentage"":25,""description"":""Showcase groundbreaking features and benefits of our products to captivate the market.""},{""name"":""Customer Success Stories"",""percentage"":25,""description"":""Highlight testimonials and success stories to build trust and social proof.""},{""name"":""Industry Insights"",""percentage"":25,""description"":""Provide expert analysis and insider knowledge to establish thought leadership.""},{""name"":""Promotional Campaigns"",""percentage"":25,""description"":""Drive sales and engagement through compelling offers and contests.""}],""posting_schedule"":{""friday"":""Story"",""monday"":""Reel"",""sunday"":""Reel"",""tuesday"":""Post"",""saturday"":""Post"",""thursday"":""Video"",""wednesday"":""Thread""},""caption_framework"":{""ctas"":[""Claim Your Spot Now!"",""Innovate with Us!"",""Discover More Today!""],""hooks"":[""Unleash the Future Today!"",""Dominate Your Industry Now!"",""Experience Unmatched Excellence!"",""Transform Like Never Before!"",""Challenge the Status Quo!""],""hashtags"":[""#InnovationUnleashed"",""#SuccessStories"",""#IndustryLeader"",""#PromoPower"",""#Trendsetter"",""#GrowthHacks"",""#CuttingEdge"",""#UnmatchedQuality"",""#TransformToday"",""#LeadTheWay""]}}",2026-04-18 20:32:57.426786+00,,,
0d46b8a7-f463-4219-be8d-e5bbbd81b137,NextGen Automation Labs,AI Automation & Digital Marketing (SaaS + Services),"We specialize in building AI-powered automation systems that help businesses scale faster with minimal manual effort. From intelligent chatbots and automated content pipelines to full-scale marketing workflows, we transform traditional operations into smart, self-running systems. Our focus is on increasing efficiency, boosting engagement, and maximizing ROI using cutting-edge AI tools.","Entrepreneurs, startups, and small-to-medium business owners aged 20–45 who want to automate their marketing, save time, and grow their online presence using AI.","Instagram, WhatsApp",Lead Generation,Premium,Awaiting Strategy Review,"make it more aggressive over marketing and lead generation

","{""content_mix"":{""posts"":30,""reels"":50,""carousels"":20},""weekly_posts"":[{""topic"":""Founder's story + brand mission"",""variants"":{""website"":{""article_snippet"":""Read the founder’s origin story and our mission: how a practical problem turned into a business designed to solve it for people like you. Includes timeline, photos, and the problem we set out to fix.""},""whatsapp"":{""broadcast_msg"":""Hi! Quick note: here’s why we started this business and what drives us daily. If you’d like, reply and I’ll share how we can help with [key problem].""},""instagram"":{""type"":""Reel"",""visual"":""60-second vertical video: founder on camera (30s story) + B-roll of early prototypes, finished product or service in action, short end card with follow CTA"",""caption"":""Hook: Stop scrolling — the reason we started this business might surprise you. Quick story of how a single moment led to our mission to [solve core problem]. CTA: Tap to learn more and follow our journey. #SmallBusiness #BehindTheScenes""}}},{""topic"":""Product demo — how it works"",""variants"":{""website"":{""article_snippet"":""Step-by-step guide: Using [product/service] to get the best results. Includes tips, common mistakes to avoid, and recommended routines.""},""whatsapp"":{""broadcast_msg"":""Quick guide: 3 steps to use [product/service] for best results. Reply YES and I’ll send a quick checklist you can save.""},""instagram"":{""type"":""Post"",""visual"":""Single image or short video clip showing product in use with annotated step labels; clean on-brand background"",""caption"":""Hook: Want results without the guesswork? Here’s how [product/service] works in 3 steps. Step 1: ... Step 2: ... Step 3: ... CTA: Save this post for later and check the link in bio to get started. #HowTo #ProTip""}}},{""topic"":""Customer testimonial / case study"",""variants"":{""website"":{""article_snippet"":""Customer spotlight: detailed case study featuring the challenge, the solution we provided, the process, and measurable results. Includes photos and customer quote.""},""whatsapp"":{""broadcast_msg"":""We just helped a customer achieve [result]—interested in seeing how it could work for you? Reply 'CASE' and I’ll share the details.""},""instagram"":{""type"":""Carousel"",""visual"":""Carousel 3–4 slides: before/after visuals, short quote overlay, metrics or time-frame, ending slide with CTA and brand colors"",""caption"":""Hook: Real results from real customers. Slide 1: before. Slide 2: after. Slide 3: short quote + results. CTA: DM to learn how we can help you get similar results. #Testimonial #CustomerLove""}}},{""topic"":""How-to tutorial or tip list"",""variants"":{""website"":{""article_snippet"":""Top 5 expert tips for [common customer goal], including quick wins and recommended products/services to accelerate results.""},""whatsapp"":{""broadcast_msg"":""Need a quick win? Here are 3 tips to improve [outcome] today. Reply 'TIPS' and I’ll send a one-page checklist.""},""instagram"":{""type"":""Reel"",""visual"":""Fast-paced 30–45s Reel with text overlays for each tip, upbeat music, and practical demonstration shots"",""caption"":""Hook: 3 quick tips to [achieve desired outcome]. Tip 1: ... Tip 2: ... Tip 3: ... CTA: Save this reel and try tip #2 today. #HowTo #ProTip""}}},{""topic"":""Behind-the-scenes / production process"",""variants"":{""website"":{""article_snippet"":""Behind the scenes: a photo essay of our production process, team introductions, and quality checks we perform to ensure consistency.""},""whatsapp"":{""broadcast_msg"":""Quick BTS: we just posted photos from our production process—take a look and reply with any questions about how we make our products.""},""instagram"":{""type"":""Post"",""visual"":""High-quality photo of workspace, team at work, or production step with caption detailing the process and attention to quality"",""caption"":""Hook: Ever wondered how our [product/service] is made? A peek behind the curtain. CTA: Share this if you love seeing how things are made. #BehindTheScenes""}}},{""topic"":""Limited-time offer or promotion"",""variants"":{""website"":{""article_snippet"":""Promotion live: details about the limited-time offer, eligibility, terms, and a clear conversion path to purchase or sign up.""},""whatsapp"":{""broadcast_msg"":""Exclusive offer: for a limited time get [offer]. Reply 'OFFER' to claim or ask a question—available until [deadline].""},""instagram"":{""type"":""Reel"",""visual"":""Urgent, high-energy Reel showing the product, the savings/benefit, deadline overlay, and a clear final CTA"",""caption"":""Hook: Limited-time: get [offer details] when you act before [deadline]. Why this matters: [benefit]. CTA: Link in bio to claim — stocks/time limited. #NewRelease #LimitedOffer""}}},{""topic"":""Community engagement prompt"",""variants"":{""website"":{""article_snippet"":""Community feedback roundup: we ask our audience about their biggest challenges and explain how those insights shape upcoming content and product improvements.""},""whatsapp"":{""broadcast_msg"":""Quick poll: What’s your biggest challenge with [topic]? Reply with A, B, or C — we’ll use responses to create helpful content.""},""instagram"":{""type"":""Carousel"",""visual"":""Carousel with 3 slides: question prompt, examples of responses, how we’ll use feedback (e.g., next content or product feature)"",""caption"":""Hook: We want to hear from you — what’s your top challenge with [topic]? Comment below and we’ll pick one to solve next week. CTA: Comment + share with a friend who needs this. #Community""}}}],""content_pillars"":[{""name"":""Brand Awareness"",""percentage"":40,""description"":""Build recognition and communicate core values and mission through storytelling, founder insights, and high-level product/service overviews to attract new audience members.""},{""name"":""Product / Service Education"",""percentage"":35,""description"":""Teach the audience how your product or service solves specific problems via demos, tutorials, feature breakdowns, and use-case examples to reduce purchase friction.""},{""name"":""Community & Trust"",""percentage"":25,""description"":""Show social proof, customer testimonials, behind-the-scenes and team content to humanize the brand and increase credibility and retention.""}],""posting_schedule"":{""friday"":""Story"",""monday"":""Reel"",""wednesday"":""Carousel""},""caption_framework"":{""ctas"":[""Tap to learn more"",""Save this for later"",""DM us 'START' to get a quick consult"",""Link in bio to shop/read more"",""Share this with someone who needs it""],""hooks"":[""Stop scrolling — here's how to solve [common problem] in 30 seconds."",""What if you could... (benefit-driven quick image)?"",""The one mistake everyone makes when trying to [desired outcome]."",""Behind-the-scenes: how we actually make/get/serve [product/service].""],""hashtags"":[""#SmallBusiness"",""#HowTo"",""#BehindTheScenes"",""#Testimonial"",""#NewRelease"",""#CustomerLove"",""#DIY"",""#ProTip""]}}",2026-04-12 06:13:25.522493+00,,,
12b43fd9-268e-4203-9fcf-ee0c9ea270c3,Linear,SaaS / Software,"A modern, purpose-built issue tracking and project management tool designed specifically for high-performing software development teams. It focuses on speed, keyboard-centric design, and streamlining the product development workflow.
","
Software engineers, product managers, and designers at fast-growing tech startups and mid-market companies who are frustrated with slow, bloated, and outdated issue trackers like Jira.
","Instagram, Website",lead_gen,"Premium, Professional, Innovative",analyzing,,,2026-04-24 16:27:39.987649+00,https://linear.app,"https://www.atlassian.com/software/jira , https://asana.com","Focus the content strategy heavily on our ""speed"" and ""developer-first"" approach compared to Jira. Highlight our dark mode UI, keyboard shortcuts, and premium design aesthetic."
1ffd40df-ba1e-44c8-bf4e-d52b2de4c696,Urban Grind Coffee,Specialty Roastery & Cafe,A premium coffee brand focusing on ethically sourced beans and artisan brewing methods for urban professionals.,"Urban professionals, coffee enthusiasts, and remote workers aged 25-45.","Instagram, LinkedIn",Brand Awareness,Premium,active,,,2026-04-18 17:40:00.373545+00,,,
203916d0-d319-4baf-b78c-3de5f7584d5e,TechWave Solutions,SaaS Platform,An all-in-one project management tool for creative agencies and distributed teams.,"Agency founders, project managers, and lead designers.","LinkedIn, Twitter",Lead Generation,Innovative,active,,,2026-04-18 17:40:00.373545+00,,,
20eaa144-8d9a-4298-8981-23fec40ad73e,FlowPath CRM,B2B Software (SaaS),"We are an AI-powered CRM designed specifically for bespoke real estate agencies. Instead of just tracking emails, our tool predicts when a past client is likely to move based on market data and life events, and automatically drafts personalized outreach sequences for the agents.","Boutique luxury real estate agency owners, managing brokers, and top-producing real estate agents who want to scale their operations without hiring huge assistant teams.","Instagram, WhatsApp, Website",Lead Generation,Premium,Strategy Approved,,"{""content_mix"":{""posts"":30,""reels"":30,""threads"":40},""weekly_posts"":[{""topic"":""Launch of New Product Line"",""variants"":{""twitter"":{""type"":""Thread"",""content"":""Discover our latest innovation! A thread unveiling features, benefits, and exclusive insights. #InnovationLeads""},""website"":{""article_snippet"":""Explore our newest addition to the product lineup, packed with features designed to propel your success.""},""whatsapp"":{""broadcast_msg"":""Breaking news: Our new product is here! Tap to see what makes it a must-have. 🚀 #InnovationLeads""},""instagram"":{""type"":""Reel"",""visual"":""Short demo video of the product in action."",""caption"":""Introducing our latest breakthrough! 🔥 #InnovationLeads""}}},{""topic"":""Customer Success Story"",""variants"":{""twitter"":{""type"":""Thread"",""content"":""How our solution transformed a client into an industry leader. Read their story! #CustomerSuccess""},""website"":{""article_snippet"":""In-depth case study illustrating the journey from challenge to triumph using our solutions.""},""whatsapp"":{""broadcast_msg"":""Success Story Alert! 🙌 Discover how we turned challenges into opportunities. #CustomerSuccess""},""instagram"":{""type"":""Reel"",""visual"":""Before and after visuals with customer testimonial overlay."",""caption"":""See how we changed lives with our solutions! 💼 #CustomerSuccess""}}},{""topic"":""Industry Trend Analysis"",""variants"":{""twitter"":{""type"":""Thread"",""content"":""Our take on the latest industry trends and what they mean for you. Stay ahead! #IndustryLeader""},""website"":{""article_snippet"":""An analysis of leading trends with expert commentary and predictions.""},""whatsapp"":{""broadcast_msg"":""Stay informed: Dive into the latest trends and their implications. #IndustryLeader""},""instagram"":{""type"":""Reel"",""visual"":""Infographic highlighting key trends."",""caption"":""Be in the know with the latest industry insights! 🌟 #IndustryLeader""}}},{""topic"":""Community Feedback and Discussion"",""variants"":{""twitter"":{""type"":""Thread"",""content"":""Join the conversation! Share your thoughts on our latest update and where we head next. #EngageCommunity""},""website"":{""article_snippet"":""Join our community discussion and be part of shaping the journey ahead.""},""whatsapp"":{""broadcast_msg"":""We want your feedback! Share your thoughts and help us improve. #EngageCommunity""},""instagram"":{""type"":""Reel"",""visual"":""Compilation of community feedback clips."",""caption"":""Your voice matters! Let’s hear what you’ve got to say. 🗣 #EngageCommunity""}}}],""content_pillars"":[{""name"":""Innovative Solutions"",""percentage"":25,""description"":""Showcase groundbreaking products and services.""},{""name"":""Customer Success"",""percentage"":25,""description"":""Highlight client testimonials and case studies.""},{""name"":""Industry Leadership"",""percentage"":25,""description"":""Share insightful commentary and trend analyses.""},{""name"":""Community Engagement"",""percentage"":25,""description"":""Cultivate community through interactive posts and discussions.""}],""posting_schedule"":{""friday"":""Story"",""monday"":""Reel"",""sunday"":""Reel"",""tuesday"":""Post"",""saturday"":""Post"",""thursday"":""Video"",""wednesday"":""Thread""},""caption_framework"":{""ctas"":[""Sign Up Now!"",""Discover More!"",""Join the Revolution!""],""hooks"":[""Uncover the Secret No One is Telling You!"",""Revolutionary Changes Are Here!"",""Don't Miss Out on This Life-Changing Opportunity!"",""Your Competition Won't See This Coming!"",""The Future of Innovation Starts Now!""],""hashtags"":[""#InnovationLeads"",""#CustomerSuccess"",""#IndustryLeader"",""#EngageCommunity"",""#FutureTrends""]}}",2026-04-13 14:18:35.21272+00,,,
30c52d30-da98-4811-8b6a-b9a69f587e13,Luxe Living Real Estate,Luxury Property Agency,High-end real estate agency specializing in luxury villas and penthouses in Dubai and Abu Dhabi.,"High-net-worth individuals, international investors, and executives.","Instagram, Facebook",Sales,Sophisticated,active,,,2026-04-18 17:40:00.373545+00,,,
3d867ebc-2cbf-4163-ab60-f9556dad1c13,business,b2b,network,US,"Website, Instagram, LinkedIn",Brand Awareness,Premium,Awaiting Strategy,,,2026-04-23 12:58:01.829067+00,,,
47ba3f7d-7049-487c-ac86-dbcb673ce8c7,Stripe,SaaS / Software,"A global payments and financial infrastructure platform that enables businesses to accept payments, manage revenue, and build scalable financial systems through powerful APIs and developer-first tools. Stripe simplifies complex financial operations with a focus on reliability, scalability, and seamless integration.","Developers, startups, SaaS companies, e-commerce businesses, and enterprises looking for scalable, developer-friendly payment and financial solutions.","Instagram, Website",lead_gen,"Premium, Bold, Professional",analyzing,,,2026-04-24 17:13:47.843032+00,https://stripe.com,"https://www.paypal.com/, https://squareup.com/, https://adyen.com/","Focus the content strategy heavily on developer-first APIs, ease of integration, and scalability compared to competitors like PayPal. Highlight clean documentation, global payment support, and advanced features like subscriptions, billing, and financial automation. Emphasize trust, reliability, and infrastructure-grade performance."
4b09563a-896a-4e77-abde-411fc6338b18,Linear,SaaS / Software,"A modern, purpose-built issue tracking and project management tool designed specifically for high-performing software development teams. It focuses on speed, keyboard-centric design, and streamlining the product development workflow.","Software engineers, product managers, and designers at fast-growing tech startups and mid-market companies who are frustrated with slow, bloated, and outdated issue trackers like Jira.","Instagram, Website",lead_gen,"Premium, Innovative, Professional",analyzing,,,2026-04-24 14:54:31.1885+00,https://linear.app,"https://www.atlassian.com/software/jira, https://asana.com","Focus the content strategy heavily on our ""speed"" and ""developer-first"" approach compared to Jira. Highlight our dark mode UI, keyboard shortcuts, and premium design aesthetic."
4b61dbac-7d81-415e-ad0c-426587fb0725,Stripe,SaaS / Software,"A global payments and financial infrastructure platform that enables businesses to accept payments, manage revenue, and build scalable financial systems through powerful APIs and developer-first tools. Stripe simplifies complex financial operations with a focus on reliability, scalability, and seamless integration.","Developers, startups, SaaS companies, e-commerce businesses, and enterprises looking for scalable, developer-friendly payment and financial solutions.",Instagram,lead_gen,"Premium, Innovative, Professional",analyzing,,,2026-04-25 06:52:31.381858+00,https://stripe.com/,"https://www.paypal.com/, https://squareup.com/, https://adyen.com/","Focus the content strategy heavily on developer-first APIs, ease of integration, and scalability compared to competitors like PayPal. Highlight clean documentation, global payment support, and advanced features like subscriptions, billing, and financial automation. Emphasize trust, reliability, and infrastructure-grade performance."
574e9621-b9f9-449e-8866-28b8767e3fb1,Linear,SaaS / Software,"
A modern, purpose-built issue tracking and project management tool designed specifically for high-performing software development teams. It focuses on speed, keyboard-centric design, and streamlining the product development workflow.
","Software engineers, product managers, and designers at fast-growing tech startups and mid-market companies who are frustrated with slow, bloated, and outdated issue trackers like Jira.
","Instagram, Website",lead_gen,"Premium, Professional, Innovative",analyzing,,,2026-04-24 16:46:29.708444+00,https://linear.app,"https://www.atlassian.com/software/jira, https://asana.com","Focus the content strategy heavily on our ""speed"" and ""developer-first"" approach compared to Jira. Highlight our dark mode UI, keyboard shortcuts, and premium design aesthetic."
60f23952-0f59-439e-bb1e-43de9e369b85,Stripe,SaaS / Software,"A global payments and financial infrastructure platform that enables businesses to accept payments, manage revenue, and build scalable financial systems through powerful APIs and developer-first tools. Stripe simplifies complex financial operations with a focus on reliability, scalability, and seamless integration.","Developers, startups, SaaS companies, e-commerce businesses, and enterprises looking for scalable, developer-friendly payment and financial solutions.","Instagram, Website",awareness,"Premium, Innovative, Professional",analyzing,,,2026-04-24 17:09:47.341427+00,https://stripe.com,"https://www.paypal.com, ttps://squareup.com, https://adyen.com","Focus the content strategy heavily on developer-first APIs, ease of integration, and scalability compared to competitors like PayPal. Highlight clean documentation, global payment support, and advanced features like subscriptions, billing, and financial automation. Emphasize trust, reliability, and infrastructure-grade performance."
633e4ff6-3698-421f-9748-43a5fa934c19,Nova AI Systems,B2B Automation SaaS,"We build AI agents for e-commerce brands, enabling them to completely automate customer support, inventory tracking, and abandon-cart marketing without hiring human teams. Our software integrates securely with Shopify.",E-commerce founders and operations managers who are scaling past $1M ARR and are overwhelmed by manual support tasks.,"Instagram, WhatsApp",Lead Generation,Premium,Strategy Approved,Ignore all other platforms. Focus 100% of this strategy on Twitter Threads. The tone must be 'Controversial & Aggressive'—use high-stakes language and 'Doom-scrolling' hooks. I do not want to see a single mention of Instagram.,"{""content_mix"":{""posts"":30,""reels"":30,""threads"":40},""weekly_posts"":[{""topic"":""Exploring the Latest Industry Innovations"",""variants"":{""twitter"":{""type"":""Thread"",""content"":""Dive into the future with these groundbreaking innovations that are reshaping the industry. 🧵""},""website"":{""article_snippet"":""In the ever-evolving landscape of our industry, innovation is key. Explore the latest advancements driving change.""},""whatsapp"":{""broadcast_msg"":""Catch up on the latest trends with our new insights on industry innovations. Don't miss out!""},""instagram"":{""type"":""Reel"",""visual"":""Innovative_Visual.mp4"",""caption"":""Discover what's next in industry innovation! #Innovation #GrowthMindset""}}},{""topic"":""Customer Success Spotlight"",""variants"":{""twitter"":{""type"":""Thread"",""content"":""Success speaks for itself! 🌟 Check out how our clients are reaching new heights with our solutions. 🧵""},""website"":{""article_snippet"":""Our clients' success is our success. Explore these inspiring stories of achievement.""},""whatsapp"":{""broadcast_msg"":""Hear directly from those who've succeeded. Uncover their stories today!""},""instagram"":{""type"":""Reel"",""visual"":""Success_Testimonial.mp4"",""caption"":""Another customer victory! See how we make success happen. #SuccessStories""}}},{""topic"":""Trend Analysis: Preparing for the Future"",""variants"":{""twitter"":{""type"":""Thread"",""content"":""Stay ahead of the curve with our latest trend analysis. The future is bright for those prepared. 🧵""},""website"":{""article_snippet"":""Our in-depth trend analysis offers a glimpse into the future, preparing you for tomorrow's challenges.""},""whatsapp"":{""broadcast_msg"":""Prepare for the future with our trend analysis. Be ready for what comes next!""},""instagram"":{""type"":""Reel"",""visual"":""Trend_Analysis.mp4"",""caption"":""Are you ready for what's next? Explore the trends shaping our world. #IndustryTrends""}}},{""topic"":""In-Depth Product Feature Review"",""variants"":{""twitter"":{""type"":""Thread"",""content"":""Discover the unmatched features of our products and how they benefit you. 🧵""},""website"":{""article_snippet"":""Explore the unique features of our products and see why they are industry leaders.""},""whatsapp"":{""broadcast_msg"":""Get to know our products like never before. Discover the features that make us stand out!""},""instagram"":{""type"":""Reel"",""visual"":""Product_Feature_Review.mp4"",""caption"":""Delve into the outstanding features that set us apart. #ProductFeatures""}}}],""content_pillars"":[{""name"":""Innovative Techniques"",""percentage"":25,""description"":""Highlighting cutting-edge methods and tactics in the industry.""},{""name"":""Customer Success Stories"",""percentage"":25,""description"":""Sharing powerful testimonials and results from satisfied customers.""},{""name"":""Industry Trends"",""percentage"":25,""description"":""Analyzing and discussing upcoming trends and how they impact our audience.""},{""name"":""Product Features"",""percentage"":25,""description"":""Detailed exploration of product functionalities and benefits.""}],""posting_schedule"":{""friday"":""Story"",""monday"":""Reel"",""sunday"":""Reel"",""tuesday"":""Post"",""saturday"":""Post"",""thursday"":""Video"",""wednesday"":""Thread""},""caption_framework"":{""ctas"":[""Join Us Now!"",""Get Started Today!"",""Discover More!""],""hooks"":[""Discover the Secret to Instant Success!"",""Unleash Your Potential Today!"",""Don't Let Opportunity Pass You By!"",""Ready to Transform Your Life?"",""Are You Prepared for the Future?""],""hashtags"":[""#Innovation"",""#SuccessStories"",""#IndustryTrends"",""#ProductFeatures"",""#GrowthMindset""]}}",2026-04-12 08:35:28.789806+00,,,
7187c481-3f7c-4d09-b88a-b3aee5e1fb08,Stripe,SaaS / Software,"A global payments and financial infrastructure platform that enables businesses to accept payments, manage revenue, and build scalable financial systems through powerful APIs and developer-first tools. Stripe simplifies complex financial operations with a focus on reliability, scalability, and seamless integration.","Developers, startups, SaaS companies, e-commerce businesses, and enterprises looking for scalable, developer-friendly payment and financial solutions.","Instagram, Website",awareness,"Professional, Innovative, Premium",analyzing,,,2026-04-25 07:13:50.113975+00,https://stripe.com/,"https://www.paypal.com/, https://squareup.com/","Focus the content strategy heavily on developer-first APIs, ease of integration, and scalability compared to competitors like PayPal. Highlight clean documentation, global payment support, and advanced features like subscriptions, billing, and financial automation. Emphasize trust, reliability, and infrastructure-grade performance."
80dd1996-8a3e-445d-993b-890989f44712,Linear,SaaS / Software,"A modern, purpose-built issue tracking and project management tool designed specifically for high-performing software development teams. It focuses on speed, keyboard-centric design, and streamlining the product development workflow.","Software engineers, product managers, and designers at fast-growing tech startups and mid-market companies who are frustrated with slow, bloated, and outdated issue trackers like Jira.","Instagram, Website",lead_gen,"Premium, Innovative, Professional",analyzing,,,2026-04-24 14:46:39.107619+00,https://linear.app,"https://www.atlassian.com/software/jira, https://asana.com","Focus the content strategy heavily on our ""speed"" and ""developer-first"" approach compared to Jira. Highlight our dark mode UI, keyboard shortcuts, and premium design aesthetic."
936b9a72-34b1-41c6-b856-9beec32c9566,Aura Skincare & Wellness,D2C,"Sustainable Beauty & Wellness
Description	We sell small-batch, plant-based skincare products made with Himalayan botanicals. We focus on ""Slow Beauty"" and mental wellness rituals.
",Women aged 25-40 interested in eco-conscious living and self-care.,"Instagram, WhatsApp, Website",Brand Awareness,Premium,Awaiting Strategy,,"{""content_mix"":{""posts"":30,""reels"":50,""carousels"":20},""weekly_posts"":[{""topic"":""Quick how-to tutorial solving a common customer pain point"",""variants"":{""website"":{""article_snippet"":""Short guide: '3 Quick Steps to Solve [Common Problem]' — includes screenshots, a downloadable checklist, and a CTA to book a consultation or download a lead magnet.""},""whatsapp"":{""broadcast_msg"":""Struggling with [common problem]? We’ve put together a 3-step checklist that fixes this quickly. Reply 'CHECKLIST' and we'll send it right away.""},""instagram"":{""type"":""Reel"",""visual"":""Short vertical tutorial showing problem → solution steps → final result. Use captions, branded cover, and a clear first-frame hook."",""caption"":""Struggling with this common issue? Watch this 30-second step-by-step fix that you can apply today. Save for later and share if it helps. CTA: Tap the link in bio to learn more.""}}},{""topic"":""Behind-the-scenes + customer testimonial"",""variants"":{""website"":{""article_snippet"":""Feature post: 'How We Helped [Customer Type] Achieve [Result]' — includes process breakdown, timeline, and a downloadable case summary with a CTA to schedule a call.""},""whatsapp"":{""broadcast_msg"":""See how our process helped a recent customer achieve great results. Want similar outcomes? Reply 'CASE' and we’ll send the short case study.""},""instagram"":{""type"":""Carousel"",""visual"":""Carousel with candid team photos, process images, and a highlighted testimonial frame with quote and metrics."",""caption"":""Meet the team behind the work and hear how [a real customer] got results. Slide 1: Hook. Slides 2-4: BTS + process. Slide 5: Testimonial with before/after. CTA: Save and DM to learn more.""}}},{""topic"":""Limited-time offer or promotion with urgency"",""variants"":{""website"":{""article_snippet"":""Landing page / blog banner promoting the limited-time offer with details, FAQs, customer proof, and a prominent CTA to purchase or book.""},""whatsapp"":{""broadcast_msg"":""Special offer this week only: [Offer summary]. Limited slots — reply 'BOOK' to claim yours now or visit [direct link].""},""instagram"":{""type"":""Static Post + Stories"",""visual"":""High-contrast promotional image with clear discount/offer text, countdown sticker in Stories, and a branded CTA button overlay."",""caption"":""Limited-time: get [offer benefit] when you book/order by [deadline]. Spots are limited. CTA: Click link in bio to claim or DM us 'OFFER' to reserve now.""}}}],""content_pillars"":[{""name"":""Educational / How-to"",""percentage"":40,""description"":""Actionable tips, tutorials, and industry insights that help the audience solve common problems and establish the brand as an authority.""},{""name"":""Brand Story & Social Proof"",""percentage"":30,""description"":""Behind-the-scenes content, team stories, customer testimonials, case studies, and user-generated content that build trust and emotional connection.""},{""name"":""Promotions & Offers"",""percentage"":20,""description"":""Limited-time offers, product/service spotlights, bundles, and clear conversion-focused posts designed to drive sales or leads.""},{""name"":""Community & Engagement"",""percentage"":10,""description"":""Polls, Q&A, community highlights, and conversational posts designed to increase interaction and strengthen audience relationships.""}],""posting_schedule"":{""friday"":""Promotional Post (Static or Reel) + Stories throughout the day"",""monday"":""Educational Reel"",""wednesday"":""Carousel (Brand Story / Testimonial)""},""caption_framework"":{""ctas"":[""Tap to learn more"",""Save this for later"",""DM us 'START' to get a free consult"",""Click the link in bio to book / learn more""],""hooks"":[""Struggling with [common problem]? Here's a simple fix that works every time."",""Want to get better results without extra effort? Try this."",""Here’s what most people get wrong about [topic] — and how to fix it.""],""hashtags"":[""#SmallBusiness"",""#HowTo"",""#TipsAndTricks"",""#BehindTheScenes"",""#LimitedOffer""]}}",2026-04-11 19:32:51.389589+00,,,
956334cc-33c6-4726-95e6-146a2e083c0e,EcoSleep Tech,D2C E-commerce & Health Tech,"We manufacture smart, temperature-regulating mattresses made from 100% recycled ocean plastics and organic latex. Our proprietary app syncs with the bed to adjust temperature zones in real-time, aiming to completely eliminate night sweats and poor sleep cycles for our customers.","High-income professionals aged 30-55 who struggle with sleep quality, prioritize eco-friendly products, and are interested in biohacking or personal health optimization.","Instagram, Website, WhatsApp",Sales,Casual,Strategy Approved,,"{""content_mix"":{""posts"":30,""reels"":30,""threads"":40},""weekly_posts"":[{""topic"":""New Product Launch"",""variants"":{""twitter"":{""type"":""Thread"",""content"":""Discover our latest innovation. Swipe through to learn why this is a game-changer. #InnovationUnleashed""},""website"":{""article_snippet"":""Our newest product is here to elevate your experience with cutting-edge technology and unmatched performance.""},""whatsapp"":{""broadcast_msg"":""Exciting news! Our latest product is now available. Discover the features that set it apart!""},""instagram"":{""type"":""Reel"",""visual"":""high-energy_product_teaser_video.mp4"",""caption"":""Introducing our newest addition! 🎉 See what makes it extraordinary. #InnovationUnleashed""}}},{""topic"":""Customer Success Story"",""variants"":{""twitter"":{""type"":""Thread"",""content"":""Meet Jane. Her journey with us transformed her business. See her incredible story unfold. #CustomerLove""},""website"":{""article_snippet"":""This success story reveals how our tailored solutions empowered Jane's small business to thrive.""},""whatsapp"":{""broadcast_msg"":""Success alert! Jane achieved incredible results with our help. Check out her story.""},""instagram"":{""type"":""Reel"",""visual"":""customer_story_visual.mp4"",""caption"":""Jane's success is a testament to what's possible with our solutions. 🙌 #CustomerLove""}}},{""topic"":""Industry Trend Analysis"",""variants"":{""twitter"":{""type"":""Thread"",""content"":""Stay ahead of the curve with our latest analysis on industry trends. Here's what you need to know. #IndustryLeader""},""website"":{""article_snippet"":""Our in-depth report explores current trends, offering insights that can position your brand for success.""},""whatsapp"":{""broadcast_msg"":""Industry insights are in. Don't miss out on our latest trend report.""},""instagram"":{""type"":""Reel"",""visual"":""industry_trend_visual.mp4"",""caption"":""Unlock the secrets of the industry. Our deep dive reveals all you need to know! #IndustryLeader""}}},{""topic"":""Community Engagement Poll"",""variants"":{""twitter"":{""type"":""Thread"",""content"":""What feature do you value most? Participate in our poll and let your voice guide future innovations. #CommunityFirst""},""website"":{""article_snippet"":""Join our conversation and help shape the future of our offerings by voting in our latest poll.""},""whatsapp"":{""broadcast_msg"":""Have your say! Participate in our community poll and influence what's next.""},""instagram"":{""type"":""Reel"",""visual"":""community_poll_visual.mp4"",""caption"":""We want to hear from you! What should we create next? 🗣️ #CommunityFirst""}}}],""content_pillars"":[{""name"":""Product Highlights"",""percentage"":25,""description"":""Showcase unique features and benefits of our products.""},{""name"":""Customer Stories"",""percentage"":25,""description"":""Share testimonials and success stories from happy customers.""},{""name"":""Industry Insights"",""percentage"":25,""description"":""Provide valuable information and trends within the industry.""},{""name"":""Community Engagement"",""percentage"":25,""description"":""Encourage interaction with our community through questions and polls.""}],""posting_schedule"":{""friday"":""Story"",""monday"":""Reel"",""sunday"":""Reel"",""tuesday"":""Post"",""saturday"":""Post"",""thursday"":""Video"",""wednesday"":""Thread""},""caption_framework"":{""ctas"":[""Get Started Today!"",""Join the Movement!"",""Claim Your Spot Now!""],""hooks"":[""Don't Miss Out on This!"",""The Secret to Success..."",""Uncover the Truth..."",""Transform Your Life Now!"",""Only Insiders Know This!""],""hashtags"":[""#InnovationUnleashed"",""#SuccessSecrets"",""#CommunityFirst"",""#IndustryLeader"",""#CustomerLove"",""#GrowthMindset"",""#ElevateYourGame"",""#JoinTheRevolution"",""#InsideScoop"",""#BeyondOrdinary""]}}",2026-04-13 12:51:47.828236+00,,,
ac4e1b76-419a-42a2-83b0-6bbf2587c884,Google,B3B,Business,US,"Instagram, Website",Brand Awareness,Premium,Awaiting Strategy Review,,"{""content_mix"":{""posts"":30,""reels"":30,""threads"":40},""weekly_posts"":[{""topic"":""Exploring Future Trends in Our Industry"",""variants"":{""twitter"":{""type"":""Thread"",""content"":""1/6: Future trends are shaping our industry. Here's how we are staying ahead... #InnovationFirst #FutureTrends...""},""website"":{""article_snippet"":""The industry is evolving rapidly. Explore how you can stay on top with these upcoming trends...""},""whatsapp"":{""broadcast_msg"":""Stay future-ready! Discover the top trends in our industry. Reply to learn more!""},""instagram"":{""type"":""Reel"",""visual"":""trend_overview.mp4"",""caption"":""Discover the trends defining our future! 🚀 #InnovationFirst #FutureTrends""}}},{""topic"":""Customer Success: Beyond Expectations"",""variants"":{""twitter"":{""type"":""Thread"",""content"":""1/5: Another successful case study! Learn how we helped a client exceed their goals... #SuccessStories #CustomerWins...""},""website"":{""article_snippet"":""Explore how our unique strategies have driven remarkable success stories for clients...""},""whatsapp"":{""broadcast_msg"":""Celebrating our clients' success! See how we can help you achieve your goals too!""},""instagram"":{""type"":""Reel"",""visual"":""client_success.mp4"",""caption"":""Celebrating success! 🎉 See how our clients are winning with us! #SuccessStories""}}},{""topic"":""Unlocking Product Features for Maximum Impact"",""variants"":{""twitter"":{""type"":""Thread"",""content"":""1/4: Dive into our product's unique features that can boost your growth... #FeatureFocus #ProductHighlights...""},""website"":{""article_snippet"":""Learn how our innovative product features can drive significant impact and benefits for your business...""},""whatsapp"":{""broadcast_msg"":""Explore our product’s unmatched features and discover your growth potential!""},""instagram"":{""type"":""Reel"",""visual"":""feature_showcase.mp4"",""caption"":""Unleash the power of our unique features! 💡 #FeatureFocus""}}},{""topic"":""Join Our Engaging Community Events"",""variants"":{""twitter"":{""type"":""Thread"",""content"":""1/4: We’re excited to announce community events that foster growth and discovery... #CommunityPower #EngageAndGrow...""},""website"":{""article_snippet"":""Join us for vibrant community events where ideas thrive and connections are made...""},""whatsapp"":{""broadcast_msg"":""Don’t miss out on our upcoming community events. Join the conversation and grow!""},""instagram"":{""type"":""Reel"",""visual"":""community_engagement.mp4"",""caption"":""Be part of something bigger. Join our community events! 🌟 #CommunityPower""}}}],""content_pillars"":[{""name"":""Innovative Insights"",""percentage"":25,""description"":""Share cutting-edge developments and future trends in the market to establish thought leadership.""},{""name"":""Customer Success Stories"",""percentage"":25,""description"":""Highlight testimonials and case studies to build trust and credibility.""},{""name"":""Product Features"",""percentage"":25,""description"":""Showcase unique product features and benefits to drive engagement and conversions.""},{""name"":""Community Engagement"",""percentage"":25,""description"":""Engage with the community through interactive content and discussions.""}],""posting_schedule"":{""friday"":""Story"",""monday"":""Reel"",""sunday"":""Reel"",""tuesday"":""Post"",""saturday"":""Post"",""thursday"":""Video"",""wednesday"":""Thread""},""caption_framework"":{""ctas"":[""Discover More Today!"",""Join the Revolution!"",""Transform Your Approach!""],""hooks"":[""Unlock the Secrets of Success!"",""Dominate Your Market Now!"",""Revolutionize Your Strategy!"",""Unleash Your Potential!"",""Gain Unstoppable Momentum!""],""hashtags"":[""#InnovationFirst"",""#MarketLeader"",""#SuccessStories"",""#FeatureFocus"",""#EngageAndGrow"",""#UltimateStrategy"",""#CommunityPower"",""#FutureTrends"",""#CustomerWins"",""#ProductHighlights""]}}",2026-04-23 12:54:29.32693+00,,,
ad73c2dc-e8d8-45f5-8ce4-dc7b52d3b927,FlowState Analytics,AI-Powered Productivity Software,"A dashboard that helps remote engineering teams identify burnout before it happens using Slack and GitHub data analytics.
",	CTOs and VPs of Engineering at Series A-C tech startups.,"LinkedIn, Website, Instagram",Lead Generation,Innovative,Awaiting Strategy,,"{""note"":""I couldn't generate fully tailored content because required client details were not provided (business name, industry, description, primary goal, target audience, brand tone, platforms, frequency). Please reply with those specifics and I will replace these placeholders with a customized weekly strategy and detailed post copy."",""content_mix"":{""posts"":30,""reels"":50,""carousels"":20},""weekly_posts"":[{""topic"":""Brand Introduction — Who you are and the main benefit you deliver"",""variants"":{""website"":{""article_snippet"":""Intro article paragraph: Provide your business name, mission, and the key problem you solve. I need your business description and unique selling points to draft a full 'About' page tailored to your audience.""},""whatsapp"":{""broadcast_msg"":""Hi — this week we're introducing who we are and how we help [target audience]. Reply with your top question about our services and we'll respond with a personalized tip. (Please send your business name and core offering to customize this message.)""},""instagram"":{""type"":""Reel"",""visual"":""30s vertical video: founder speaking for 10–15s, product/service in use for 10–15s, end card with brand name and CTA."",""caption"":""Hook: Stop scrolling — here’s why we started. Short story (3–4 sentences) explaining problem you solve + single benefit. CTA: Tap the link in bio to learn more. NOTE: Please provide your business name, one-sentence description, and primary benefit so I can write a customized caption.""}}},{""topic"":""How-to / Educational post solving a common customer problem"",""variants"":{""website"":{""article_snippet"":""How-to guide intro and outline. To flesh out the full guide for your site, share the detailed steps you want included and any visuals or case studies.""},""whatsapp"":{""broadcast_msg"":""Quick tip: Want to solve [common problem]? Reply 'GUIDE' and we'll send you a short checklist. (Please confirm the exact problem area so the checklist is specific.)""},""instagram"":{""type"":""Carousel"",""visual"":""5-slide carousel with clear headings, short bullets, and branded colors. Include a final slide with CTA and contact link."",""caption"":""Hook: Most people get this wrong — here’s a simple 4-step method to [solve X]. Slide callouts: Problem, Step 1, Step 2, Result. CTA: Save this post and DM for a checklist. NOTE: Provide the specific problem you want addressed and the steps you use.""}}},{""topic"":""Offer or Testimonial to drive conversions"",""variants"":{""website"":{""article_snippet"":""Testimonial section blurb for homepage or landing page. Provide the customer's name, quote, and context (service/product used) for accurate placement.""},""whatsapp"":{""broadcast_msg"":""Special offer this week: [brief offer]. Limited availability. Reply 'YES' to claim or ask for details. (Please provide the exact offer copy and terms.)""},""instagram"":{""type"":""Reel"",""visual"":""15–30s testimonial reel: before/after visuals if applicable, on-screen quote, and a CTA card with offer deadline."",""caption"":""Hook: Real results from real customers — see how [result] was achieved. Short testimonial quote + quick demo of the result. CTA: Limited spots/offers — DM to claim. NOTE: Share a customer quote, permission to use it, and any offer details to customize.""}}}],""content_pillars"":[{""name"":""Brand Story & Positioning"",""percentage"":40,""description"":""Share who you are, why you exist, brand values, origin story, and what differentiates you from competitors. NOTE: I could create tailored story angles once you provide your business name, description, and unique selling points.""},{""name"":""Education & Value-Add"",""percentage"":35,""description"":""How-tos, tutorials, industry insights, tips, FAQs and problem-solving content that demonstrate expertise and build trust with your target audience. Will be customized to your product/service details after you provide them.""},{""name"":""Offers & Community Engagement"",""percentage"":25,""description"":""Promotions, product/service highlights, testimonials, user-generated content, polls and community-focused posts to drive conversions and loyalty. Specific offer messaging requires your primary goal and current promotions.""}],""posting_schedule"":{""friday"":""Reel — Quick demo, transformation, or offer highlight with strong CTA. (Share current promotion or primary goal.)"",""monday"":""Reel — Brand Story or Hook: 15–30s introducing the brand’s promise and main benefit. (Provide business name and 1–2 key benefits.)"",""sunday"":""Story — Weekly recap, reminder of CTA or limited-time offer; save as highlight."",""tuesday"":""Story — Behind-the-scenes, poll or quick tip. Use interactive stickers to boost engagement."",""saturday"":""Post — Single-image community or culture post (team, values, customer spotlight)."",""thursday"":""Story — Testimonial or user-generated content highlight. Ask followers to submit experiences."",""wednesday"":""Carousel — Educational swipe post (3–7 slides) breaking down a process, benefit, or case study. (Provide product/service details.)""},""caption_framework"":{""ctas"":[""Tap to learn more"",""Send us a DM to get started"",""Save this post for later"",""Click the link in bio to claim your offer""],""hooks"":[""Stop scrolling — here's how to [solve main pain point] in 30 seconds."",""Most people get this wrong: the right way to [process your product/service fixes]."",""From [problem] to [benefit] — here's a quick before & after.""],""hashtags"":[""#smallbusiness"",""#howto"",""#behindthescenes"",""#customerstory"",""#limitedtime""]}}",2026-04-11 19:33:51.753134+00,,,
b69b5de8-5c1c-4884-92fd-93948ba04b8b,Scalepods,AI Automation Agency,Building autonomous AI workflows and n8n-powered automation for scale-ups.,"Founders, operations leaders, and scaling tech companies.","Instagram, Website",Lead Generation,Innovative,Strategy Approved,,"{""content_mix"":{""posts"":30,""reels"":30,""threads"":40},""weekly_posts"":[{""topic"":""Highlight our latest innovative product"",""variants"":{""twitter"":{""type"":""Thread"",""content"":""🚀 Unveiling our latest breakthrough innovation. Find out how it's set to change the game!""},""website"":{""article_snippet"":""Explore the features of our latest product, designed to revolutionize efficiency and performance.""},""whatsapp"":{""broadcast_msg"":""Be the first to know about our game-changing innovation. Discover more and transform the future! 🚀""},""instagram"":{""type"":""Reel"",""visual"":""link_to_innovation_reel"",""caption"":""Discover cutting-edge innovation at its finest! Swipe to see the future. 💡🔍 #InnovationLeader #TransformToday""}}},{""topic"":""Customer success story of the month"",""variants"":{""twitter"":{""type"":""Thread"",""content"":""🌟 Celebrate success with us. Here's how our client achieved outstanding results with our solutions!""},""website"":{""article_snippet"":""Discover the story of our client's remarkable success and how we helped them achieve it.""},""whatsapp"":{""broadcast_msg"":""Get inspired by our client's success story. Their journey could be yours!""},""instagram"":{""type"":""Reel"",""visual"":""link_to_customer_story_reel"",""caption"":""See how our client soared to success! Inspiring achievements start here. 🌟 #CustomerSuccess #SuccessUnlocked""}}},{""topic"":""Industry Insights for Q4"",""variants"":{""twitter"":{""type"":""Thread"",""content"":""📊 Dive into the latest trends and predictions for Q4. Stay ahead with crucial insights from industry experts!""},""website"":{""article_snippet"":""Gain a competitive edge with our insightful analysis of upcoming industry trends for Q4.""},""whatsapp"":{""broadcast_msg"":""Stay ahead with our expert insights for Q4. Don't miss these crucial trends!""},""instagram"":{""type"":""Reel"",""visual"":""link_to_insight_reel"",""caption"":""Unlock industry secrets with our Q4 insights. Stay informed, stay ahead. 📈 #IndustryExpert #InsightfulTrends""}}},{""topic"":""Limited Time Promotional Offer"",""variants"":{""twitter"":{""type"":""Thread"",""content"":""🔥 Our biggest offer of the season is here! Don't miss out on unbeatable deals for a limited time only!""},""website"":{""article_snippet"":""Experience unprecedented value with our exclusive limited-time promotion. Learn more about our unbeatable deals.""},""whatsapp"":{""broadcast_msg"":""Time is ticking! Grab our exclusive offers before they're gone. Visit now!""},""instagram"":{""type"":""Reel"",""visual"":""link_to_promo_reel"",""caption"":""Unlock massive savings with our limited time offer! Act fast, grab yours! ⏰ #ExclusiveOffer #ActFast""}}}],""content_pillars"":[{""name"":""Innovative Solutions"",""percentage"":30,""description"":""Highlight cutting-edge solutions and technology advancements in our products.""},{""name"":""Customer Success Stories"",""percentage"":25,""description"":""Share compelling testimonials and case studies from satisfied clients.""},{""name"":""Industry Insights"",""percentage"":20,""description"":""Provide valuable insights and trends within the industry.""},{""name"":""Promotional Campaigns"",""percentage"":25,""description"":""Aggressive promotions showcasing exclusive offers and new launches.""}],""posting_schedule"":{""friday"":""Story"",""monday"":""Reel"",""sunday"":""Reel"",""tuesday"":""Post"",""saturday"":""Post"",""thursday"":""Video"",""wednesday"":""Thread""},""caption_framework"":{""ctas"":[""Learn More Now"",""Act Fast – Limited Time!"",""Discover the Benefits Today""],""hooks"":[""Don't Miss This!"",""Unleash Potential Today!"",""Exclusive Offer Inside!"",""Transform Your Experience!"",""Your Future Begins Now!""],""hashtags"":[""#InnovationLeader"",""#CustomerSuccess"",""#IndustryExpert"",""#ExclusiveOffer"",""#TransformToday"",""#TechAdvantage"",""#InsightfulTrends"",""#GrowthInAction"",""#ValueDriven"",""#SuccessUnlocked""]}}",2026-04-20 16:20:59.354674+00,,,
b9abbc53-deeb-4008-83b5-2a8f58cf8cca,Stripe,SaaS / Software,"A global payments and financial infrastructure platform that enables businesses to accept payments, manage revenue, and build scalable financial systems through powerful APIs and developer-first tools. Stripe simplifies complex financial operations with a focus on reliability, scalability, and seamless integration.","Developers, startups, SaaS companies, e-commerce businesses, and enterprises looking for scalable, developer-friendly payment and financial solutions.","Instagram, Website",lead_gen,"Premium, Professional, Innovative",analyzing,,,2026-04-25 07:07:18.116334+00,https://stripe.com/,"https://www.paypal.com/, https://squareup.com/","Focus the content strategy heavily on developer-first APIs, ease of integration, and scalability compared to competitors like PayPal. Highlight clean documentation, global payment support, and advanced features like subscriptions, billing, and financial automation. Emphasize trust, reliability, and infrastructure-grade performance."
c3af104e-e29c-442e-af6b-8ff63cfa5575,Stripe,SaaS / Software,"A global payments and financial infrastructure platform that enables businesses to accept payments, manage revenue, and build scalable financial systems through powerful APIs and developer-first tools. Stripe simplifies complex financial operations with a focus on reliability, scalability, and seamless integration.","Developers, startups, SaaS companies, e-commerce businesses, and enterprises looking for scalable, developer-friendly payment and financial solutions.","Instagram, Website",lead_gen,"Premium, Professional, Innovative",analyzing,,,2026-04-24 17:19:02.019069+00,https://stripe.com/,"https://www.paypal.com/, https://squareup.com/","Focus the content strategy heavily on developer-first APIs, ease of integration, and scalability compared to competitors like PayPal. Highlight clean documentation, global payment support, and advanced features like subscriptions, billing, and financial automation. Emphasize trust, reliability, and infrastructure-grade performance."
cd0d5541-52fa-411f-8830-822c6691bca6,"A modern, purpose-built issue tracking and project management tool designed specifically for high-performing software development teams. It focuses on speed, keyboard-centric design, and streamlining the product development workflow.",,,,"Instagram, Website, LinkedIn",lead_gen,"Premium, Innovative, Professional",analyzing,,,2026-04-24 16:39:14.419117+00,,"https://www.atlassian.com/software/jira, https://asana.com",
ded688eb-1d79-4ba6-9789-d51aae0fbc9a,Linear,SaaS / Software,"A modern, purpose-built issue tracking and project management tool designed specifically for high-performing software development teams. It focuses on speed, keyboard-centric design, and streamlining the product development workflow.","Software engineers, product managers, and designers at fast-growing tech startups and mid-market companies who are frustrated with slow, bloated, and outdated issue trackers like Jira.","Instagram, Website",lead_gen,"Premium, Professional, Innovative",analyzing,,,2026-04-24 14:36:47.291368+00,https://linear.app,"https://www.atlassian.com/software/jira, https://asana.com","Focus the content strategy heavily on our ""speed"" and ""developer-first"" approach compared to Jira. Highlight our dark mode UI, keyboard shortcuts, and premium design aesthetic."
e850e768-baf6-4409-8f41-5f826c22eb96,Linear,SaaS / Software,"A modern, purpose-built issue tracking and project management tool designed specifically for high-performing software development teams. It focuses on speed, keyboard-centric design, and streamlining the product development workflow.","Software engineers, product managers, and designers at fast-growing tech startups and mid-market companies who are frustrated with slow, bloated, and outdated issue trackers like Jira.","Instagram, Website",lead_gen,"Premium, Professional, Innovative",analyzing,,,2026-04-24 15:10:14.380118+00,https://linear.app,"https://www.atlassian.com/software/jira, https://asana.com","Focus the content strategy heavily on our ""speed"" and ""developer-first"" approach compared to Jira. Highlight our dark mode UI, keyboard shortcuts, and premium design aesthetic."
ea88ae3d-4b27-4a81-bdf7-62f65b535bee,The Un-CFO (by Alex Rivers),Creative Financial Coaching,"I teach artists and freelance designers how to manage their money without using spreadsheets. I hate traditional banking corporate speak.
","Gen-Z and Millennial freelancers who find finance ""boring"" or ""scary.""","Instagram, WhatsApp",Sales,Bold,Strategy Approved,,"{""content_mix"":{""posts"":30,""reels"":50,""carousels"":20},""weekly_posts"":[{""topic"":""Product demo + primary benefit"",""variants"":{""website"":{""article_snippet"":""Title: How this product delivers measurable results. Snippet: A concise walkthrough of the product's primary benefit, evidence from a customer case, and a 3-step guide to get started.""},""whatsapp"":{""broadcast_msg"":""Quick demo: See how our product can save you time. Reply 'INFO' to learn more or see customer results.""},""instagram"":{""type"":""Reel"",""visual"":""30-45s fast-cut product demo: closeups of product in use, on-screen text highlighting 3 benefits, upbeat music, end card with CTA."",""caption"":""Hook: Stop scrolling — see how this product solves a common pain in 30 seconds. Short demo showing the main benefit, quick feature callouts, and a clear CTA. CTA: Tap to learn more.""}}},{""topic"":""Step-by-step how-to (educational)"",""variants"":{""website"":{""article_snippet"":""Title: 3 Steps to Maximize Results with This Solution. Snippet: Detailed instructions and context, tips for common mistakes, and links to related resources.""},""whatsapp"":{""broadcast_msg"":""Tip of the week: 3 steps to improve results using our product. Reply for a quick personalized tip.""},""instagram"":{""type"":""Static Post"",""visual"":""Single image or graphic listing 3 steps with icons and brief copy, brand colors and readable typography."",""caption"":""Hook: 3 easy steps to get better results with our product. Provide step-by-step instructions, one actionable tip per bullet. CTA: Save this post.""}}},{""topic"":""Customer testimonial carousel"",""variants"":{""website"":{""article_snippet"":""Title: Customer Success Stories. Snippet: Summaries of 2-3 customer wins with quotes, measurable outcomes, and next steps for interested readers.""},""whatsapp"":{""broadcast_msg"":""Success story: See how a customer achieved measurable results. Reply 'CASE' to get the full story.""},""instagram"":{""type"":""Carousel"",""visual"":""Series of 4-6 slides with before/after visuals, pull quotes, and a short stats slide showing impact."",""caption"":""Hook: Real results from real customers. Slide 1: Headline result. Slides 2-4: Customer quote, image, short data point. CTA: Swipe to see the transformation and DM for a consultation.""}}},{""topic"":""Behind-the-scenes / brand story"",""variants"":{""website"":{""article_snippet"":""Title: Our Story and How We Work. Snippet: A behind-the-scenes look at company culture, process, and why the business was founded, with photos and team quotes.""},""whatsapp"":{""broadcast_msg"":""Behind the scenes: Meet the people who make it happen. Want a tour or Q&A? Reply 'TOUR'.""},""instagram"":{""type"":""Reel"",""visual"":""30s authentic footage of production or team, candid moments, voiceover or on-screen captions describing values."",""caption"":""Hook: Meet the team behind the product. Short BTS showing craftsmanship, production, or team rituals. CTA: Follow for more behind-the-scenes content.""}}},{""topic"":""FAQ or myth-busting post"",""variants"":{""website"":{""article_snippet"":""Title: FAQs and Common Misconceptions. Snippet: Clear answers to top 5 customer questions and links to deeper resources.""},""whatsapp"":{""broadcast_msg"":""Got questions? We answered the top FAQs for you. Reply with your question and we'll respond.""},""instagram"":{""type"":""Static Post"",""visual"":""Graphic with 3 myth/reality pairs, simple icons, brand colors."",""caption"":""Hook: Myth vs. Reality — 3 common misconceptions debunked. Provide short clarifications and quick facts. CTA: Comment a question.""}}},{""topic"":""Limited-time offer or promotion"",""variants"":{""website"":{""article_snippet"":""Title: This Week's Special Offer. Snippet: Overview of the promotion, terms, and easy steps to redeem or purchase.""},""whatsapp"":{""broadcast_msg"":""Limited-time offer: Special pricing this week only. Reply 'OFFER' for details and to reserve.""},""instagram"":{""type"":""Story"",""visual"":""Story sequence: offer graphic, quick testimonial reinforcing value, clear CTA sticker (countdown or link)."",""caption"":""Hook: Limited offer this week only. Brief offer details, urgency statement, and swipe-up or link-in-bio CTA. CTA: Act now — limited spots/stock.""}}},{""topic"":""Weekly recap + next-week tease"",""variants"":{""website"":{""article_snippet"":""Title: Weekly Wrap-Up and What to Expect. Snippet: Summary of top content, key learnings from customer interactions, and preview of next week's focus.""},""whatsapp"":{""broadcast_msg"":""Weekly recap: Highlights and a sneak peek at next week. Reply 'NEXT' to get early access to new content.""},""instagram"":{""type"":""Carousel"",""visual"":""3-slide recap: top-performing post, customer highlight, tease for next week's content."",""caption"":""Hook: In case you missed it — highlights from this week and what's coming next. CTA: Follow for the next drop and turn on notifications.""}}}],""content_pillars"":[{""name"":""Product Benefits & Features"",""percentage"":35,""description"":""Showcase core products or services, concrete benefits, key features, and clear use-cases that drive purchase intent.""},{""name"":""Educational / How-to"",""percentage"":25,""description"":""Actionable tips, tutorials, and problem-solving content that positions the brand as an expert and builds long-term trust.""},{""name"":""Social Proof & UGC"",""percentage"":20,""description"":""Customer testimonials, before/after examples, reviews, case studies, and user-generated content to reduce friction and boost conversions.""},{""name"":""Brand Story & Culture"",""percentage"":20,""description"":""Behind-the-scenes, team stories, values, and mission-driven content to humanize the brand and increase affinity.""}],""posting_schedule"":{""friday"":""Story"",""monday"":""Reel"",""wednesday"":""Carousel""},""caption_framework"":{""ctas"":[""Tap to learn more"",""Comment your question and we'll reply"",""Save this tip for later"",""DM us 'INFO' to get started"",""Click the link in bio to shop""],""hooks"":[""Stop scrolling — here's a quick win for [your problem]."",""3 things nobody tells you about choosing the right product."",""See how this simple change saved customers hours every week."",""Want faster results? Try this one tweak."",""Real customers, real results — this one surprised us.""],""hashtags"":[""#SmallBusiness"",""#HowTo"",""#CustomerLove"",""#BehindTheScenes"",""#TipsAndTricks"",""#NewRelease"",""#MadeLocal"",""#EasySolutions""]}}",2026-04-11 19:34:32.261665+00,,,
f17b5073-bae7-44d8-80d3-845cd730f219," Scalepods",AI Automation Agency,Building autonomous AI workflows and n8n-powered automation for scale-ups.,"Founders, operations leaders, and scaling tech companies.","Instagram, Website",Sales,Premium,Strategy Approved,,"{""content_mix"":{""posts"":30,""reels"":30,""threads"":40},""weekly_posts"":[{""topic"":""Maximize Productivity with Our Tools"",""variants"":{""twitter"":{""type"":""Thread"",""content"":""Discover how our tools can boost your productivity. Step 1: Assess your needs... Step 2: Implement our solutions... Keep reading to find out more!""},""website"":{""article_snippet"":""Learn how our latest tools are designed to enhance productivity and drive your business forward.""},""whatsapp"":{""broadcast_msg"":""Boost your productivity with our new tools! Click the link to learn more about our special offer.""},""instagram"":{""type"":""Reel"",""visual"":""Dynamic montage of product features in action"",""caption"":""Skyrocket your productivity with our cutting-edge tools! 💪 #BusinessGrowth""}}},{""topic"":""Customer Case Study: Achieving Success"",""variants"":{""twitter"":{""type"":""Thread"",""content"":""Our customers are thriving! Read how [Customer Name] leveraged our solutions for remarkable results in our latest case study...""},""website"":{""article_snippet"":""Discover the journey of [Customer Name] and how they reached new heights using our solutions.""},""whatsapp"":{""broadcast_msg"":""Another success story! See how [Customer Name] scaled their operations with our help.""},""instagram"":{""type"":""Reel"",""visual"":""Testimonial video clips from the customer"",""caption"":""Success in action! See how [Customer Name] achieved their goals with us. 🚀 #SuccessTips""}}},{""topic"":""Understanding Industry Trends"",""variants"":{""twitter"":{""type"":""Thread"",""content"":""Stay ahead with the latest industry insights. Discover key trends and how they impact your business...""},""website"":{""article_snippet"":""Explore upcoming industry trends and how to leverage them for your business's success.""},""whatsapp"":{""broadcast_msg"":""Discover the top industry trends you need to know to stay ahead. Check out our latest insights now!""},""instagram"":{""type"":""Reel"",""visual"":""Animated graphics showing industry data"",""caption"":""Navigate the future with insights into the latest industry trends. 🌟 #InnovateNow""}}},{""topic"":""Limited-Time Offer: Act Now"",""variants"":{""twitter"":{""type"":""Thread"",""content"":""Don't miss our exclusive offer! Save big on our premium products. Here's how you can benefit...""},""website"":{""article_snippet"":""Exclusive offer alert! Get the best deals on our products for a limited time. Act now to secure your savings.""},""whatsapp"":{""broadcast_msg"":""Limited offer: Enjoy exclusive discounts on our premium products. Find out more and act fast!""},""instagram"":{""type"":""Reel"",""visual"":""Countdown timer with product highlights"",""caption"":""Hurry! Limited-time offer on our top products. Don’t miss out! 🕒 #ExclusiveOffer""}}}],""content_pillars"":[{""name"":""Product Highlights"",""percentage"":30,""description"":""Showcase the unique features and benefits of our products with bold visuals and engaging content.""},{""name"":""Customer Success Stories"",""percentage"":25,""description"":""Share testimonials and success cases from happy customers to build trust and credibility.""},{""name"":""Industry Insights"",""percentage"":20,""description"":""Provide valuable insights into industry trends and how our products provide solutions.""},{""name"":""Promotional Offers"",""percentage"":25,""description"":""Drive sales through limited-time offers and special promotions with a sense of urgency.""}],""posting_schedule"":{""friday"":""Story"",""monday"":""Reel"",""sunday"":""Reel"",""tuesday"":""Post"",""saturday"":""Post"",""thursday"":""Video"",""wednesday"":""Thread""},""caption_framework"":{""ctas"":[""Join Us Now!"",""Get Started Today!"",""Exclusive Offer – Act Fast!""],""hooks"":[""Unleash Your Potential Today!"",""Don't Miss Out!"",""Skyrocket Your Success Now!"",""This Offer Won't Last Long!"",""Transform Your Business Today!""],""hashtags"":[""#BusinessGrowth"",""#SuccessTips"",""#InnovateNow"",""#ExclusiveOffer"",""#JoinTheRevolution""]}}",2026-04-20 15:53:41.979605+00,,,
fdfb4c8d-1d1a-4a90-b1c8-ba8d5ec400f0,Linear,SaaS / Software,"A modern, purpose-built issue tracking and project management tool designed specifically for high-performing software development teams. It focuses on speed, keyboard-centric design, and streamlining the product development workflow.","Software engineers, product managers, and designers at fast-growing tech startups and mid-market companies who are frustrated with slow, bloated, and outdated issue trackers like Jira.","Website, Instagram, LinkedIn",lead_gen,"Premium, Professional, Innovative",analyzing,,=,2026-04-24 11:42:14.40204+00,https://linear.app,"https://www.atlassian.com/software/jira, https://asana.com","Focus the content strategy heavily on our ""speed"" and ""developer-first"" approach compared to Jira. Highlight our dark mode UI, keyboard shortcuts, and premium design aesthetic."